id,team_id,season_id,parentteam_id,number,initial_points,checked_out,checked_out_time
1,3,1,1,0,0,0,0000-00-00 00:00:00
113,3,7,1,,0,0,0000-00-00 00:00:00
3,2,1,3,0,0,0,0000-00-00 00:00:00
6,5,1,4,,0,0,0000-00-00 00:00:00
18,8,5,4,,0,0,0000-00-00 00:00:00
9,6,1,5,,0,0,0000-00-00 00:00:00
19,7,2,4,,0,0,0000-00-00 00:00:00
11,28,1,19,,0,0,0000-00-00 00:00:00
12,9,3,9,,0,0,0000-00-00 00:00:00
114,12,7,6,,0,0,0000-00-00 00:00:00
20,14,6,1,,0,0,0000-00-00 00:00:00
15,12,1,6,,0,0,0000-00-00 00:00:00
16,13,1,8,,0,0,0000-00-00 00:00:00
17,11,6,6,,0,0,0000-00-00 00:00:00
24,15,4,13,,0,0,0000-00-00 00:00:00
22,16,5,13,,0,0,0000-00-00 00:00:00
23,17,4,15,,0,0,0000-00-00 00:00:00
25,18,4,14,,0,0,0000-00-00 00:00:00
26,19,6,18,,0,0,0000-00-00 00:00:00
27,20,1,18,,0,0,0000-00-00 00:00:00
39,32,4,22,,0,0,0000-00-00 00:00:00
29,22,5,12,,0,0,0000-00-00 00:00:00
30,23,6,12,,0,0,0000-00-00 00:00:00
31,24,3,12,,0,0,0000-00-00 00:00:00
32,25,3,10,,0,0,0000-00-00 00:00:00
33,26,3,11,,0,0,0000-00-00 00:00:00
34,27,2,19,,0,0,0000-00-00 00:00:00
37,30,1,21,,0,0,0000-00-00 00:00:00
38,31,6,21,,0,0,0000-00-00 00:00:00
40,33,1,23,,0,0,0000-00-00 00:00:00
41,34,6,23,,0,0,0000-00-00 00:00:00
42,37,1,66,,0,0,0000-00-00 00:00:00
43,36,6,66,,0,0,0000-00-00 00:00:00
44,39,1,65,,0,0,0000-00-00 00:00:00
45,38,6,65,,0,0,0000-00-00 00:00:00
46,40,6,68,,0,0,0000-00-00 00:00:00
47,41,1,68,,0,0,0000-00-00 00:00:00
48,42,6,69,,0,0,0000-00-00 00:00:00
49,43,1,69,,0,0,0000-00-00 00:00:00
50,44,6,71,,0,0,0000-00-00 00:00:00
51,45,1,71,,0,0,0000-00-00 00:00:00
52,46,6,77,,0,0,0000-00-00 00:00:00
53,47,1,77,,0,0,0000-00-00 00:00:00
55,49,1,92,,0,0,0000-00-00 00:00:00
56,50,6,92,,0,0,0000-00-00 00:00:00
57,52,4,85,,0,0,0000-00-00 00:00:00
58,55,4,87,,0,0,0000-00-00 00:00:00
59,56,4,88,,0,0,0000-00-00 00:00:00
60,57,4,89,,0,0,0000-00-00 00:00:00
61,58,4,90,,0,0,0000-00-00 00:00:00
62,60,3,82,,0,0,0000-00-00 00:00:00
63,61,3,83,,0,0,0000-00-00 00:00:00
64,62,3,84,,0,0,0000-00-00 00:00:00
65,63,1,24,,0,0,0000-00-00 00:00:00
66,64,1,25,,0,0,0000-00-00 00:00:00
67,65,1,26,,0,0,0000-00-00 00:00:00
68,66,1,27,,0,0,0000-00-00 00:00:00
69,67,1,29,,0,0,0000-00-00 00:00:00
70,68,1,30,,0,0,0000-00-00 00:00:00
71,69,1,31,,0,0,0000-00-00 00:00:00
72,70,1,32,,0,0,0000-00-00 00:00:00
73,71,1,33,,0,0,0000-00-00 00:00:00
74,72,1,34,,0,0,0000-00-00 00:00:00
75,73,1,35,,0,0,0000-00-00 00:00:00
76,74,1,36,,0,0,0000-00-00 00:00:00
77,75,1,37,,0,0,0000-00-00 00:00:00
78,76,1,38,,0,0,0000-00-00 00:00:00
79,77,1,39,,0,0,0000-00-00 00:00:00
80,78,1,40,,0,0,0000-00-00 00:00:00
81,79,1,41,,0,0,0000-00-00 00:00:00
82,80,1,42,,0,0,0000-00-00 00:00:00
83,81,1,43,,0,0,0000-00-00 00:00:00
84,82,1,44,,0,0,0000-00-00 00:00:00
85,83,1,45,,0,0,0000-00-00 00:00:00
86,84,1,46,,0,0,0000-00-00 00:00:00
87,85,1,48,,0,0,0000-00-00 00:00:00
88,86,1,49,,0,0,0000-00-00 00:00:00
89,87,1,50,,0,0,0000-00-00 00:00:00
90,88,1,51,,0,0,0000-00-00 00:00:00
91,89,1,52,,0,0,0000-00-00 00:00:00
92,90,1,53,,0,0,0000-00-00 00:00:00
93,91,1,54,,0,0,0000-00-00 00:00:00
94,92,1,55,,0,0,0000-00-00 00:00:00
95,93,1,56,,0,0,0000-00-00 00:00:00
96,94,1,57,,0,0,0000-00-00 00:00:00
97,95,1,58,,0,0,0000-00-00 00:00:00
98,97,1,59,,0,0,0000-00-00 00:00:00
99,98,1,80,,0,0,0000-00-00 00:00:00
100,99,1,78,,0,0,0000-00-00 00:00:00
101,100,1,76,,0,0,0000-00-00 00:00:00
102,101,1,75,,0,0,0000-00-00 00:00:00
103,102,1,74,,0,0,0000-00-00 00:00:00
104,103,1,73,,0,0,0000-00-00 00:00:00
105,104,1,72,,0,0,0000-00-00 00:00:00
106,105,1,70,,0,0,0000-00-00 00:00:00
107,106,1,67,,0,0,0000-00-00 00:00:00
108,107,1,64,,0,0,0000-00-00 00:00:00
109,108,1,63,,0,0,0000-00-00 00:00:00
110,109,1,62,,0,0,0000-00-00 00:00:00
111,110,1,61,,0,0,0000-00-00 00:00:00
112,111,1,60,,0,0,0000-00-00 00:00:00
115,13,7,8,,0,0,0000-00-00 00:00:00
116,20,7,18,,0,0,0000-00-00 00:00:00
117,49,7,92,,0,0,0000-00-00 00:00:00
118,30,7,21,,0,0,0000-00-00 00:00:00
119,33,7,23,,0,0,0000-00-00 00:00:00
120,37,7,66,,0,0,0000-00-00 00:00:00
121,39,7,65,,0,0,0000-00-00 00:00:00
122,41,7,68,,0,0,0000-00-00 00:00:00
123,45,7,71,,0,0,0000-00-00 00:00:00
124,47,7,77,,0,0,0000-00-00 00:00:00
125,73,7,35,,0,0,0000-00-00 00:00:00
126,85,7,48,,0,0,0000-00-00 00:00:00
127,89,7,52,,0,0,0000-00-00 00:00:00
128,91,7,54,,0,0,0000-00-00 00:00:00
129,97,7,59,,0,0,0000-00-00 00:00:00
130,99,7,78,,0,0,0000-00-00 00:00:00
131,100,7,76,,0,0,0000-00-00 00:00:00
132,101,7,75,,0,0,0000-00-00 00:00:00
133,102,7,74,,0,0,0000-00-00 00:00:00
134,104,7,72,,0,0,0000-00-00 00:00:00
135,107,7,64,,0,0,0000-00-00 00:00:00
136,108,7,63,,0,0,0000-00-00 00:00:00
137,109,7,62,,0,0,0000-00-00 00:00:00
138,110,7,61,,0,0,0000-00-00 00:00:00
139,111,7,60,,0,0,0000-00-00 00:00:00
140,113,5,94,,0,0,0000-00-00 00:00:00
142,112,5,93,,0,0,0000-00-00 00:00:00
144,17,7,15,,0,0,0000-00-00 00:00:00
147,59,3,81,,0,0,0000-00-00 00:00:00
148,117,2,43,,0,0,0000-00-00 00:00:00
149,118,2,29,,0,0,0000-00-00 00:00:00
151,41,8,68,0,0,0,0000-00-00 00:00:00
152,13,8,8,0,0,0,0000-00-00 00:00:00
153,111,8,60,0,0,0,0000-00-00 00:00:00
154,39,8,65,0,0,0,0000-00-00 00:00:00
155,49,8,92,0,0,0,0000-00-00 00:00:00
156,102,8,74,0,0,0,6/4/2012 6:46
157,45,8,71,0,0,0,6/4/2012 6:46
158,47,8,77,0,0,0,6/4/2012 6:47
264,154,8,59,0,0,0,7/18/2012 6:04
160,100,8,76,0,0,0,6/4/2012 6:48
161,3,8,1,0,0,0,6/4/2012 6:48
263,109,8,62,0,0,0,7/18/2012 5:59
163,12,8,6,0,0,0,6/4/2012 6:49
164,91,8,54,0,0,0,6/4/2012 6:49
165,101,8,75,0,0,0,6/4/2012 6:49
166,20,8,18,0,0,0,6/4/2012 6:50
167,104,8,72,0,0,0,6/4/2012 6:50
168,120,12,92,0,0,0,6/5/2012 14:06
171,24,10,12,0,0,0,7/11/2012 14:05
172,59,10,81,0,0,0,7/11/2012 14:06
173,60,10,82,0,0,0,0000-00-00 00:00:00
174,61,10,83,0,0,0,7/11/2012 14:06
175,25,10,10,0,0,0,7/11/2012 14:08
176,62,10,84,0,0,0,7/11/2012 14:08
177,26,10,11,0,0,0,7/11/2012 14:22
180,52,11,85,0,0,0,7/12/2012 13:21
181,32,11,22,0,0,0,7/12/2012 13:21
182,56,11,88,0,0,0,7/12/2012 13:22
183,53,11,86,0,0,0,7/12/2012 13:22
184,55,11,87,0,0,0,7/12/2012 13:22
188,17,11,15,0,0,0,0000-00-00 00:00:00
189,50,13,92,0,0,0,7/12/2012 21:37
190,14,13,1,0,0,0,7/12/2012 21:37
191,40,13,68,0,0,0,7/12/2012 21:37
192,34,13,23,0,0,0,7/12/2012 21:38
193,42,13,69,0,0,0,7/12/2012 21:38
194,36,13,66,0,0,0,7/12/2012 21:39
195,44,13,71,0,0,0,7/12/2012 21:40
196,46,13,77,0,0,0,7/12/2012 21:40
197,35,13,91,0,0,0,7/12/2012 21:40
198,19,13,18,0,0,0,7/12/2012 21:41
199,11,13,6,0,0,0,7/12/2012 21:41
200,38,13,65,0,0,0,7/13/2012 4:27
201,31,13,21,0,0,0,7/13/2012 4:28
202,107,8,64,0,0,0,7/14/2012 0:23
203,129,14,47,0,0,0,7/14/2012 13:03
205,73,14,35,0,0,0,7/14/2012 13:07
206,97,14,59,0,0,0,7/14/2012 13:09
207,91,14,54,0,0,0,7/14/2012 13:10
208,85,14,48,0,0,0,7/14/2012 13:12
209,82,14,44,0,0,0,7/14/2012 13:14
210,28,14,19,0,0,0,7/14/2012 13:17
211,89,14,52,0,0,0,7/14/2012 13:19
212,74,14,36,0,0,0,7/14/2012 13:21
213,6,14,5,0,0,0,7/14/2012 13:21
214,63,14,24,0,0,0,7/14/2012 13:22
216,78,14,40,0,0,0,7/14/2012 14:34
217,86,14,49,0,0,0,7/14/2012 15:25
218,75,14,37,0,0,0,7/14/2012 15:27
219,77,14,39,0,0,0,7/14/2012 15:31
220,117,9,43,0,0,0,7/14/2012 19:29
221,7,9,4,0,0,0,7/14/2012 19:29
222,118,9,29,0,0,0,7/14/2012 19:30
223,130,9,70,0,0,0,7/14/2012 19:51
224,131,9,49,0,0,0,7/14/2012 19:51
225,132,9,42,0,0,0,7/14/2012 19:52
226,133,9,34,0,0,0,7/14/2012 19:52
227,134,9,32,0,0,0,7/14/2012 19:53
228,135,9,30,0,0,0,7/14/2012 19:53
229,136,9,69,0,0,0,0000-00-00 00:00:00
230,137,9,60,0,0,0,7/14/2012 19:57
231,138,9,53,0,0,0,7/14/2012 19:58
232,139,9,96,0,0,0,7/14/2012 20:04
233,140,9,97,0,0,0,7/15/2012 4:48
234,84,9,46,0,0,0,7/15/2012 16:59
243,137,8,60,0,0,0,7/16/2012 5:39
244,130,8,70,0,0,0,7/16/2012 5:39
246,139,8,96,0,0,0,7/16/2012 5:40
247,136,8,69,0,0,0,7/16/2012 5:40
248,142,11,85,0,0,0,7/17/2012 19:24
249,143,11,15,0,0,0,7/17/2012 19:27
250,144,11,87,0,0,0,7/17/2012 19:30
251,145,11,88,0,0,0,7/17/2012 19:32
252,146,11,86,0,0,0,7/17/2012 19:35
253,147,11,89,0,0,0,7/17/2012 19:38
254,148,11,90,0,0,0,7/17/2012 19:40
255,149,11,13,0,0,0,7/17/2012 19:42
256,150,11,22,0,0,0,7/17/2012 19:44
257,57,11,89,0,0,0,7/17/2012 19:52
258,58,11,90,0,0,0,7/17/2012 19:54
259,15,11,13,0,0,0,7/17/2012 19:56
260,151,8,44,0,0,0,7/18/2012 5:17
261,152,8,54,0,0,0,7/18/2012 5:17
262,153,8,52,0,0,0,7/18/2012 5:17
265,37,8,66,0,0,0,7/18/2012 6:10
266,108,8,63,0,0,0,7/18/2012 14:30
267,99,8,78,0,0,0,7/18/2012 14:33
268,30,8,21,0,0,0,7/18/2012 14:35
269,106,8,67,0,0,0,7/18/2012 14:37
270,110,8,61,0,0,0,7/21/2012 20:52
271,155,10,10,0,0,0,7/23/2012 23:03
272,157,10,83,0,0,0,7/23/2012 23:04
273,160,10,81,0,0,0,7/24/2012 4:59
274,156,10,12,0,0,0,7/24/2012 4:59
275,158,10,82,0,0,0,7/24/2012 4:59
276,159,10,84,0,0,0,7/24/2012 5:00
277,142,10,85,0,0,0,7/24/2012 5:03
278,129,15,47,0,0,0,7/24/2012 13:19
279,91,15,54,0,0,0,7/24/2012 13:20
280,82,15,44,0,0,0,7/24/2012 13:20
281,6,15,5,0,0,0,7/24/2012 13:20
282,89,15,52,0,0,0,7/24/2012 13:21
284,28,8,19,0,0,0,7/27/2012 23:17
298,173,9,50,0,0,0,8/6/2012 4:30
286,161,14,74,0,0,0,8/5/2012 14:38
287,162,14,92,0,0,0,8/5/2012 14:52
288,163,14,1,0,0,0,8/5/2012 14:53
289,164,14,75,0,0,0,8/5/2012 14:53
291,166,14,8,0,0,0,8/5/2012 14:53
292,167,14,6,0,0,0,8/5/2012 14:54
293,168,14,72,0,0,0,8/5/2012 14:54
294,169,14,18,0,0,0,8/5/2012 14:54
295,170,9,24,0,0,0,8/6/2012 4:16
296,171,9,67,0,0,0,8/6/2012 4:23
297,172,9,3,0,0,0,8/6/2012 4:25
299,174,9,51,0,0,0,8/6/2012 4:31
300,94,9,57,0,0,0,8/6/2012 4:31
301,143,8,15,0,0,0,8/18/2012 2:20
302,149,8,13,0,0,0,8/18/2012 2:23
303,146,8,86,0,0,0,8/18/2012 2:34
304,73,8,35,0,0,0,8/18/2012 2:34
305,160,8,81,0,0,0,8/18/2012 2:35
306,75,8,37,0,0,0,8/18/2012 2:35
307,145,8,88,0,0,0,8/18/2012 2:36
308,165,8,40,0,0,0,8/18/2012 2:37
309,150,8,22,0,0,0,8/18/2012 2:37
310,156,8,12,0,0,0,8/18/2012 2:38
311,159,8,84,0,0,0,8/18/2012 2:41
312,157,8,83,0,0,0,8/18/2012 2:41
314,175,8,24,0,0,0,8/18/2012 2:51
315,176,8,37,0,0,0,8/18/2012 2:57
316,177,8,49,0,0,0,8/18/2012 2:58
317,142,8,85,0,0,0,8/18/2012 2:59
318,158,8,82,0,0,0,8/18/2012 2:59
319,178,8,48,0,0,0,8/18/2012 3:01
320,179,8,47,0,0,0,8/18/2012 3:02
321,55,8,87,,0,0,0000-00-00 00:00:00
323,6,8,5,0,0,0,0000-00-00 00:00:00
325,41,10,68,0,0,0,8/25/2012 18:22
326,181,14,61,0,0,0,8/26/2012 9:04
327,182,14,64,0,0,0,8/26/2012 9:05
328,183,14,65,0,0,0,8/26/2012 9:05
329,184,14,66,0,0,0,8/26/2012 9:06
330,185,14,68,0,0,0,8/26/2012 9:14
331,75,15,37,0,0,0,8/26/2012 14:58
332,73,15,35,0,0,0,8/26/2012 14:59
333,86,15,49,0,0,0,8/26/2012 14:59
334,28,15,19,0,0,0,8/26/2012 15:00
335,3,15,1,0,0,0,8/26/2012 16:19
336,49,15,92,0,0,0,8/26/2012 16:19
337,20,15,18,0,0,0,8/26/2012 16:20
338,12,15,6,0,0,0,8/26/2012 16:20
339,37,15,66,0,0,0,8/26/2012 16:20
340,99,15,78,0,0,0,8/26/2012 16:21
341,13,15,8,0,0,0,8/26/2012 16:21
342,100,15,76,0,0,0,8/26/2012 16:21
343,30,15,21,0,0,0,8/26/2012 16:22
344,59,15,81,0,0,0,8/28/2012 15:13
345,24,15,12,0,0,0,8/28/2012 15:14
346,26,15,11,0,0,0,8/28/2012 15:14
347,41,15,68,0,0,0,8/28/2012 15:14
348,25,15,10,0,0,0,8/28/2012 15:15
349,61,15,83,0,0,0,8/28/2012 15:15
350,60,15,82,0,0,0,8/28/2012 15:15
351,62,15,84,0,0,0,8/28/2012 15:16
352,63,15,24,0,0,0,8/30/2012 1:16
353,107,15,64,0,0,0,8/30/2012 1:16
354,85,15,48,0,0,0,8/30/2012 1:17
355,77,15,39,0,0,0,8/30/2012 1:17
356,78,15,40,0,0,0,8/30/2012 1:18
357,104,15,72,0,0,0,8/30/2012 3:44
358,74,15,36,0,0,0,8/30/2012 3:44
359,101,15,75,0,0,0,8/30/2012 3:44
360,110,15,61,0,0,0,8/30/2012 3:45
361,45,15,71,0,0,0,8/30/2012 3:46
362,97,15,59,0,0,0,8/30/2012 3:46
381,187,12,68,0,0,0,8/30/2012 5:45
364,186,12,37,0,0,0,8/30/2012 4:40
365,188,12,71,0,0,0,8/30/2012 4:43
366,189,12,78,0,0,0,8/30/2012 4:43
367,190,12,6,0,0,0,8/30/2012 4:45
368,191,12,26,0,0,0,8/30/2012 4:48
369,192,12,4,0,0,0,0000-00-00 00:00:00
370,194,12,44,0,0,0,8/30/2012 4:52
371,193,12,76,0,0,0,8/30/2012 4:52
372,195,12,8,0,0,0,8/30/2012 4:56
373,196,12,80,0,0,0,8/30/2012 5:02
374,197,12,1,0,0,0,8/30/2012 5:02
375,198,12,61,0,0,0,8/30/2012 5:06
376,22,12,12,0,0,0,8/30/2012 5:17
377,200,12,77,0,0,0,8/30/2012 5:18
378,201,12,31,0,0,0,8/30/2012 5:20
379,202,12,24,0,0,0,8/30/2012 5:22
380,203,12,75,0,0,0,8/30/2012 5:25
382,204,13,67,0,0,0,8/30/2012 14:01
383,205,14,62,0,0,0,9/14/2012 22:00
384,41,16,68,0,0,0,5/28/2013 21:38
385,110,16,61,0,0,0,5/28/2013 21:39
386,99,16,78,0,0,0,5/28/2013 21:39
387,12,16,6,0,0,0,5/28/2013 21:39
388,104,16,72,0,0,0,5/28/2013 21:40
389,49,16,92,0,0,0,5/28/2013 21:40
390,101,16,75,0,0,0,5/28/2013 21:40
391,152,16,54,0,0,0,6/1/2013 5:07
392,153,16,52,0,0,0,6/1/2013 5:08
393,102,16,74,0,0,0,6/1/2013 5:08
394,177,16,49,0,0,0,6/1/2013 5:08
395,10,16,7,0,0,0,6/1/2013 5:09
396,176,16,37,0,0,0,6/1/2013 5:09
397,100,16,76,0,0,0,6/1/2013 5:09
398,13,16,8,0,0,0,6/1/2013 5:10
400,165,16,40,0,0,0,6/1/2013 5:10
401,106,16,67,0,0,0,6/1/2013 5:11
402,37,16,66,0,0,0,6/1/2013 5:11
403,109,16,62,0,0,0,6/1/2013 5:12
404,39,16,65,0,0,0,6/1/2013 5:12
405,107,16,64,0,0,0,6/1/2013 5:12
406,3,16,1,0,0,0,6/1/2013 5:12
407,20,16,18,0,0,0,6/1/2013 5:13
408,111,16,60,0,0,0,6/1/2013 5:19
548,74,16,36,0,0,0,7/22/2013 3:30
410,47,16,77,0,0,0,6/1/2013 5:20
411,6,16,5,0,0,0,6/1/2013 15:07
412,57,19,89,0,0,0,6/8/2013 18:08
413,58,19,90,0,0,0,6/8/2013 18:09
414,15,19,13,0,0,0,6/8/2013 18:09
415,32,19,22,0,0,0,6/8/2013 18:10
416,56,19,88,0,0,0,6/8/2013 18:11
417,52,19,85,0,0,0,6/8/2013 18:11
418,55,19,87,0,0,0,6/8/2013 18:11
419,140,20,97,0,0,0,6/8/2013 20:52
420,137,20,60,0,0,0,6/8/2013 20:52
421,117,20,43,0,0,0,6/8/2013 20:52
422,131,20,49,0,0,0,6/8/2013 20:52
423,130,20,70,0,0,0,6/8/2013 20:53
427,206,20,77,0,0,0,6/8/2013 20:59
425,134,20,32,0,0,0,6/8/2013 20:55
426,139,20,96,0,0,0,6/8/2013 20:55
428,207,20,91,0,0,0,6/8/2013 21:01
429,136,20,69,0,0,0,6/8/2013 21:07
430,196,24,80,0,0,0,6/10/2013 1:03
431,190,24,6,0,0,0,6/10/2013 1:04
432,189,24,78,0,0,0,6/10/2013 1:12
433,195,24,8,0,0,0,6/10/2013 1:13
434,198,24,61,0,0,0,6/10/2013 1:15
435,120,24,92,0,0,0,6/10/2013 1:16
437,193,24,76,0,0,0,6/10/2013 1:40
438,187,24,68,0,0,0,6/10/2013 1:43
439,208,24,48,0,0,0,6/10/2013 1:46
440,184,19,66,0,0,0,6/15/2013 13:31
441,167,19,6,0,0,0,6/15/2013 13:31
442,53,19,86,0,0,0,6/15/2013 13:35
443,18,19,14,0,0,0,6/15/2013 13:35
444,17,19,15,0,0,0,6/15/2013 13:37
445,133,20,34,0,0,0,6/15/2013 14:27
446,179,19,47,0,0,0,6/15/2013 15:43
449,108,16,63,0,0,0,6/22/2013 11:50
452,178,16,48,0,0,0,6/22/2013 11:53
451,139,16,96,0,0,0,6/22/2013 11:51
453,154,16,59,0,0,0,6/22/2013 12:06
454,212,16,96,0,0,0,6/22/2013 12:13
455,24,18,12,0,0,0,6/22/2013 12:43
456,26,18,11,0,0,0,6/22/2013 12:43
457,61,18,83,0,0,0,6/22/2013 12:43
458,62,18,84,0,0,0,6/22/2013 12:44
459,60,18,82,0,0,0,6/22/2013 12:44
460,25,18,10,0,0,0,6/22/2013 12:44
461,59,18,81,0,0,0,6/22/2013 12:44
462,180,16,19,0,0,0,6/22/2013 20:01
463,74,23,36,0,0,0,7/3/2013 16:51
464,75,23,37,0,0,0,7/3/2013 16:51
465,28,23,19,0,0,0,7/3/2013 16:52
466,59,23,81,0,0,0,7/3/2013 16:52
467,110,23,61,0,0,0,7/3/2013 16:53
468,41,23,68,0,0,0,7/3/2013 16:53
469,85,23,48,0,0,0,7/3/2013 16:54
470,104,23,72,0,0,0,7/3/2013 16:54
471,24,23,12,0,0,0,7/3/2013 16:55
472,12,23,6,0,0,0,7/3/2013 16:55
473,37,23,66,0,0,0,7/3/2013 16:55
474,3,23,1,0,0,0,7/3/2013 16:56
475,20,23,18,0,0,0,7/3/2013 16:56
476,49,23,92,0,0,0,7/3/2013 16:56
477,91,23,54,0,0,0,7/3/2013 16:57
478,97,23,59,0,0,0,7/3/2013 16:58
479,63,15,24,0,0,0,7/3/2013 17:33
480,73,15,35,0,0,0,7/3/2013 17:33
482,100,15,76,0,0,0,7/3/2013 17:34
483,39,15,65,0,0,0,7/3/2013 17:36
484,138,15,0,0,0,0,7/3/2013 17:37
485,63,23,24,0,0,0,7/3/2013 17:39
486,73,23,35,0,0,0,7/3/2013 17:40
487,100,23,76,0,0,0,7/3/2013 17:41
488,39,23,65,0,0,0,7/3/2013 17:44
489,107,23,64,0,0,0,7/3/2013 17:44
490,86,23,49,0,0,0,7/3/2013 17:45
491,13,23,8,0,0,0,7/3/2013 17:45
492,6,23,5,0,0,0,7/3/2013 17:52
493,82,23,44,0,0,0,7/3/2013 17:54
494,5,17,4,0,0,0,7/4/2013 13:27
495,129,17,47,0,0,0,7/4/2013 13:27
496,6,17,5,0,0,0,7/4/2013 13:27
497,89,17,52,0,0,0,7/4/2013 13:28
498,85,17,48,0,0,0,7/4/2013 13:28
499,75,17,37,0,0,0,7/4/2013 13:28
500,74,17,36,0,0,0,7/4/2013 13:28
501,63,17,24,0,0,0,7/4/2013 13:29
502,73,17,35,0,0,0,7/4/2013 13:29
503,82,17,44,0,0,0,7/4/2013 13:29
504,28,17,19,0,0,0,7/4/2013 13:30
505,78,17,40,0,0,0,7/4/2013 13:30
506,86,17,49,0,0,0,7/4/2013 13:30
507,91,17,54,0,0,0,7/4/2013 13:30
508,97,17,59,0,0,0,7/4/2013 13:31
509,90,17,53,0,0,0,7/4/2013 13:31
510,42,21,69,0,0,0,7/6/2013 15:57
511,31,21,21,0,0,0,7/6/2013 15:57
512,34,21,23,0,0,0,7/6/2013 15:57
513,50,21,92,0,0,0,7/6/2013 15:58
514,35,21,91,0,0,0,7/6/2013 15:58
515,204,21,67,0,0,0,7/6/2013 15:58
516,40,21,68,0,0,0,7/6/2013 15:58
517,14,21,1,0,0,0,7/6/2013 15:59
518,38,21,65,0,0,0,7/6/2013 15:59
519,19,21,18,0,0,0,7/6/2013 15:59
520,46,21,77,0,0,0,7/6/2013 15:59
521,44,21,71,0,0,0,7/6/2013 16:00
522,36,21,66,0,0,0,7/6/2013 16:00
523,11,21,6,0,0,0,7/6/2013 16:00
524,129,23,47,0,0,0,7/7/2013 17:16
525,89,23,52,0,0,0,7/7/2013 17:17
526,78,23,40,0,0,0,7/7/2013 17:17
527,7,20,4,0,0,0,7/9/2013 9:46
528,118,20,29,0,0,0,7/9/2013 9:47
529,213,20,46,0,0,0,7/9/2013 9:48
530,174,20,51,0,0,0,7/9/2013 9:48
531,214,20,39,0,0,0,7/9/2013 9:49
532,215,20,93,0,0,0,7/9/2013 9:50
533,132,20,42,0,0,0,7/9/2013 9:50
534,151,16,44,0,0,0,7/12/2013 22:33
536,168,17,72,0,0,0,7/12/2013 22:50
537,179,16,47,0,0,0,7/20/2013 16:11
538,162,17,92,0,0,0,7/21/2013 4:25
539,184,17,66,0,0,0,7/21/2013 4:26
540,163,17,1,0,0,0,7/21/2013 4:27
541,161,17,74,0,0,0,7/21/2013 4:27
542,185,17,68,0,0,0,7/21/2013 4:27
543,183,17,65,0,0,0,7/21/2013 4:27
544,167,17,6,0,0,0,7/21/2013 4:28
545,166,17,8,0,0,0,7/21/2013 4:28
546,182,17,64,0,0,0,7/21/2013 4:28
547,216,17,78,0,0,0,7/21/2013 4:33
549,144,16,87,0,0,0,7/22/2013 3:32
550,90,16,53,0,0,0,7/22/2013 3:33
551,142,16,85,0,0,0,7/22/2013 3:35
552,160,16,81,0,0,0,7/22/2013 3:35
553,143,16,15,0,0,0,7/22/2013 3:36
554,73,16,35,0,0,0,7/22/2013 3:37
555,159,16,84,0,0,0,7/22/2013 3:39
556,156,16,12,0,0,0,7/22/2013 3:41
557,158,16,82,0,0,0,7/22/2013 3:41
558,149,16,13,0,0,0,7/22/2013 3:44
559,175,16,24,0,0,0,7/22/2013 3:45
560,160,19,81,0,0,0,7/27/2013 15:35
561,23,21,12,0,0,0,7/28/2013 11:15
562,217,20,100,0,0,0,7/29/2013 16:20
563,218,20,55,0,0,0,7/29/2013 16:22
564,135,20,30,0,0,0,7/29/2013 16:37
565,219,20,61,0,0,0,7/29/2013 16:39
566,170,20,24,0,0,0,7/29/2013 16:40
567,172,20,3,0,0,0,7/29/2013 16:40
568,169,17,18,0,0,0,8/3/2013 14:08
569,220,20,12,0,0,0,8/8/2013 22:05
570,221,20,83,0,0,0,8/8/2013 22:05
571,222,20,81,0,0,0,8/8/2013 22:06
572,223,20,84,0,0,0,8/8/2013 22:06
573,225,20,82,0,0,0,8/8/2013 22:07
574,224,20,86,0,0,0,8/8/2013 22:09
575,181,17,61,0,0,0,8/10/2013 14:14
576,155,20,10,0,0,0,0000-00-00 00:00:00
577,145,16,88,0,0,0,8/17/2013 12:31
578,99,23,78,0,0,0,8/23/2013 21:05
579,153,18,52,0,0,0,0000-00-00 00:00:00
580,152,18,54,0,0,0,8/24/2013 14:48
581,205,17,62,0,0,0,8/27/2013 8:34
582,226,20,35,0,0,0,8/27/2013 15:59
583,228,20,37,0,0,0,9/25/2013 0:25
584,227,20,59,0,0,0,9/25/2013 0:25
585,41,26,68,0,0,0,5/9/2014 9:18
586,12,26,6,0,0,0,5/9/2014 9:18
587,102,26,74,0,0,0,5/9/2014 9:18
588,106,26,67,0,0,0,5/9/2014 9:18
589,20,26,18,0,0,0,5/9/2014 9:19
590,111,26,60,0,0,0,5/9/2014 9:19
591,13,26,8,0,0,0,5/9/2014 9:19
592,78,26,40,0,0,0,5/9/2014 9:19
593,110,26,61,0,0,0,5/9/2014 9:19
594,47,26,77,0,0,0,5/9/2014 9:20
595,99,26,78,0,0,0,5/9/2014 9:20
596,49,26,92,0,0,0,5/9/2014 9:21
597,39,26,65,0,0,0,5/9/2014 9:21
598,75,26,37,0,0,0,5/9/2014 9:21
599,65,26,26,0,0,0,5/9/2014 9:22
600,104,26,72,0,0,0,5/9/2014 9:22
601,85,26,48,0,0,0,5/9/2014 9:22
602,37,26,66,0,0,0,5/9/2014 9:22
603,82,26,44,0,0,0,5/9/2014 9:23
604,100,26,76,0,0,0,5/9/2014 9:23
606,3,26,1,0,0,0,5/9/2014 9:34
607,163,32,1,0,0,0,5/14/2014 0:23
608,169,32,18,0,0,0,5/14/2014 0:24
609,168,32,72,0,0,0,5/14/2014 0:25
610,154,32,59,0,0,0,5/14/2014 0:25
611,184,32,66,0,0,0,5/14/2014 0:25
612,162,32,92,0,0,0,5/14/2014 0:25
613,179,32,47,0,0,0,5/14/2014 0:26
614,153,32,52,0,0,0,5/14/2014 0:26
615,167,32,6,0,0,0,5/14/2014 0:26
616,156,32,12,0,0,0,5/14/2014 0:26
618,180,32,19,0,0,0,5/14/2014 0:27
619,158,32,82,0,0,0,5/14/2014 0:27
620,152,32,54,0,0,0,5/14/2014 0:27
621,74,32,36,0,0,0,5/14/2014 0:28
622,117,31,43,0,0,0,5/25/2014 16:33
623,130,31,70,0,0,0,5/25/2014 16:33
624,7,31,4,0,0,0,5/25/2014 16:33
625,139,31,96,0,0,0,5/25/2014 16:34
626,219,31,61,0,0,0,5/25/2014 16:34
627,137,31,60,0,0,0,5/25/2014 16:34
628,229,31,101,0,0,0,5/31/2014 3:25
629,230,31,7,0,0,0,5/31/2014 3:27
630,40,30,68,0,0,0,6/1/2014 10:48
631,14,30,1,0,0,0,6/1/2014 10:48
632,46,30,77,0,0,0,6/1/2014 10:48
633,35,30,91,0,0,0,6/1/2014 10:49
634,31,30,21,0,0,0,6/1/2014 10:49
635,42,30,69,0,0,0,6/1/2014 10:49
636,11,30,6,0,0,0,6/1/2014 10:49
637,19,30,18,0,0,0,6/1/2014 10:50
638,36,30,66,0,0,0,6/1/2014 10:50
639,50,30,92,0,0,0,6/1/2014 10:50
640,34,30,23,0,0,0,6/1/2014 10:50
641,23,30,12,0,0,0,6/1/2014 10:51
642,204,30,67,0,0,0,6/1/2014 15:04
643,44,30,71,0,0,0,6/1/2014 15:05
644,17,28,15,0,0,0,6/7/2014 12:04
645,58,28,90,0,0,0,6/7/2014 12:04
646,15,28,13,0,0,0,6/7/2014 12:05
647,56,28,88,0,0,0,6/7/2014 12:05
648,52,28,85,0,0,0,6/7/2014 12:05
649,55,28,87,0,0,0,6/7/2014 12:06
650,53,28,86,0,0,0,6/7/2014 12:06
651,57,28,89,0,0,0,6/7/2014 12:06
652,32,28,22,0,0,0,6/7/2014 12:07
653,231,28,102,0,0,0,6/7/2014 12:21
654,107,26,64,0,0,0,6/7/2014 15:30
655,45,26,71,0,0,0,6/7/2014 15:30
656,153,26,52,0,0,0,6/9/2014 14:22
657,180,26,19,0,0,0,6/9/2014 14:27
658,134,31,32,0,0,0,6/11/2014 17:28
659,136,31,69,0,0,0,6/11/2014 17:29
660,167,28,6,0,0,0,6/14/2014 14:02
661,179,28,47,0,0,0,6/14/2014 14:02
662,184,28,66,0,0,0,6/14/2014 14:02
663,162,28,92,0,0,0,6/14/2014 14:04
664,158,28,82,0,0,0,6/14/2014 14:12
665,160,28,81,0,0,0,6/14/2014 14:12
666,159,28,84,0,0,0,6/14/2014 14:12
667,153,28,52,0,0,0,6/14/2014 14:15
668,43,32,69,0,0,0,6/17/2014 18:16
669,140,31,97,0,0,0,6/20/2014 16:14
670,232,31,103,0,0,0,6/20/2014 16:15
671,131,31,49,0,0,0,6/20/2014 16:19
673,133,31,34,0,0,0,6/20/2014 16:20
674,226,31,35,0,0,0,6/20/2014 16:20
675,233,31,54,0,0,0,6/20/2014 16:21
676,217,31,100,0,0,0,6/20/2014 16:22
677,234,31,104,0,0,0,6/20/2014 16:23
678,235,31,98,0,0,0,6/20/2014 16:26
679,236,31,2,0,0,0,6/20/2014 16:27
680,237,31,106,0,0,0,6/20/2014 16:28
681,207,31,91,0,0,0,6/20/2014 17:08
683,212,32,96,0,0,0,6/20/2014 22:31
684,102,32,74,0,0,0,6/20/2014 22:31
685,108,32,63,0,0,0,6/20/2014 22:31
686,109,32,62,0,0,0,6/20/2014 22:32
687,105,32,70,0,0,0,6/20/2014 22:32
688,101,32,75,0,0,0,6/20/2014 22:32
689,47,32,77,0,0,0,6/20/2014 22:33
690,106,32,67,0,0,0,6/20/2014 22:33
691,207,32,91,0,0,0,6/20/2014 22:33
692,24,29,12,0,0,0,6/21/2014 3:00
693,60,29,82,0,0,0,6/21/2014 3:00
694,59,29,81,0,0,0,6/21/2014 3:00
695,26,29,11,0,0,0,6/21/2014 3:01
696,25,29,10,0,0,0,6/21/2014 3:01
697,61,29,83,0,0,0,6/21/2014 3:01
698,62,29,84,0,0,0,6/21/2014 3:02
699,90,26,53,0,0,0,6/23/2014 21:51
700,97,26,59,0,0,0,6/28/2014 22:44
701,75,27,37,0,0,0,7/3/2014 1:17
702,6,27,5,0,0,0,7/3/2014 1:17
703,28,27,19,0,0,0,7/3/2014 1:18
704,97,27,59,0,0,0,7/3/2014 1:18
705,78,27,40,0,0,0,7/3/2014 1:18
706,63,27,24,0,0,0,7/3/2014 1:18
707,89,27,52,0,0,0,7/3/2014 1:19
708,129,27,47,0,0,0,7/3/2014 1:19
709,73,27,35,0,0,0,7/3/2014 1:19
710,85,27,48,0,0,0,7/3/2014 1:19
711,82,27,44,0,0,0,7/3/2014 1:20
712,90,27,53,0,0,0,7/3/2014 1:20
713,110,32,61,0,0,0,7/3/2014 22:11
714,41,32,68,0,0,0,7/3/2014 22:11
715,170,31,24,0,0,0,7/5/2014 2:54
716,214,31,39,0,0,0,7/5/2014 2:54
717,172,31,3,0,0,0,7/5/2014 2:55
718,118,31,29,0,0,0,7/5/2014 2:55
719,132,31,42,0,0,0,7/5/2014 2:55
720,138,31,53,0,0,0,7/5/2014 2:56
721,228,31,37,0,0,0,7/5/2014 4:55
722,175,32,24,0,0,0,0000-00-00 00:00:00
723,151,32,44,0,0,0,7/7/2014 20:09
724,182,32,64,0,0,0,7/7/2014 20:10
725,100,32,76,0,0,0,7/7/2014 20:10
726,165,32,40,0,0,0,7/7/2014 20:10
727,178,32,48,0,0,0,7/7/2014 20:11
728,183,32,65,0,0,0,7/7/2014 20:11
729,90,32,53,0,0,0,7/7/2014 20:11
730,84,32,94,0,0,0,7/7/2014 20:11
731,238,31,107,0,0,0,7/8/2014 0:06
732,84,27,94,0,0,0,7/9/2014 15:38
733,74,27,36,0,0,0,7/12/2014 13:03
734,91,27,54,0,0,0,0000-00-00 00:00:00
735,239,30,86,0,0,0,7/13/2014 14:20
736,182,27,64,0,0,0,7/14/2014 19:43
737,163,27,1,0,0,0,7/14/2014 19:44
738,166,27,8,0,0,0,7/14/2014 19:44
739,168,27,72,0,0,0,7/14/2014 19:45
740,167,27,6,0,0,0,7/14/2014 19:45
741,91,26,54,0,0,0,7/14/2014 20:02
742,129,26,47,0,0,0,7/14/2014 20:03
743,74,26,36,0,0,0,7/14/2014 20:03
745,86,26,49,0,0,0,7/29/2014 18:39
746,52,26,85,0,0,0,7/29/2014 18:39
747,55,26,87,0,0,0,7/29/2014 18:39
748,63,26,24,0,0,0,7/29/2014 18:39
749,17,26,15,0,0,0,7/29/2014 18:39
750,53,26,86,0,0,0,7/29/2014 18:40
751,58,26,90,0,0,0,7/29/2014 18:40
752,24,26,12,0,0,0,7/29/2014 18:40
753,10,26,7,0,0,0,7/29/2014 18:40
754,73,26,35,0,0,0,7/29/2014 18:40
755,25,26,10,0,0,0,7/29/2014 18:41
756,60,26,82,0,0,0,7/29/2014 18:41
757,62,26,84,0,0,0,7/29/2014 18:41
758,59,26,81,0,0,0,7/29/2014 18:42
759,15,26,13,0,0,0,7/29/2014 18:42
760,32,26,22,0,0,0,7/29/2014 18:42
761,41,27,68,0,0,0,8/9/2014 7:23
762,86,27,49,0,0,0,8/9/2014 7:23
763,20,27,18,0,0,0,8/9/2014 13:36
764,26,26,11,0,0,0,8/16/2014 12:30
766,166,32,8,0,0,0,8/22/2014 22:32
767,105,26,70,0,0,0,8/30/2014 0:28
768,10,32,7,0,0,0,9/4/2014 21:25
769,45,32,71,0,0,0,9/4/2014 21:25
770,111,32,60,0,0,0,9/8/2014 2:42
771,5,32,4,0,0,0,9/13/2014 5:16
772,64,32,25,0,0,0,9/13/2014 5:17
773,213,31,94,0,0,0,9/14/2014 15:55
774,206,31,77,0,0,0,9/14/2014 15:56
775,41,33,68,0,0,0,5/27/2015 16:33
776,85,33,48,0,0,0,5/27/2015 16:33
777,49,33,92,0,0,0,5/27/2015 16:33
778,97,33,59,0,0,0,5/27/2015 16:33
779,12,33,6,0,0,0,5/27/2015 16:34
780,102,33,74,0,0,0,5/27/2015 16:34
781,110,33,61,0,0,0,0000-00-00 00:00:00
782,47,33,77,0,0,0,5/27/2015 16:34
783,82,33,44,0,0,0,5/27/2015 16:35
784,129,33,47,0,0,0,5/27/2015 16:35
785,90,33,53,0,0,0,5/27/2015 16:35
786,20,33,18,0,0,0,5/27/2015 16:35
787,13,33,8,0,0,0,5/27/2015 16:35
788,37,33,66,0,0,0,5/27/2015 16:36
789,106,33,67,0,0,0,5/27/2015 16:36
790,75,33,37,0,0,0,5/27/2015 16:36
791,78,33,40,0,0,0,5/27/2015 16:36
792,89,33,52,0,0,0,5/27/2015 16:37
793,100,33,76,0,0,0,5/27/2015 16:37
794,99,33,78,0,0,0,5/27/2015 16:37
795,107,33,64,0,0,0,5/27/2015 16:37
796,104,33,72,0,0,0,5/27/2015 16:38
797,39,33,65,0,0,0,5/27/2015 16:38
798,28,33,19,0,0,0,5/27/2015 16:38
799,105,33,70,0,0,0,5/27/2015 16:38
800,3,33,1,0,0,0,5/27/2015 16:38
801,40,36,68,0,0,0,5/29/2015 18:49
802,35,36,91,0,0,0,5/29/2015 18:50
803,31,36,21,0,0,0,5/29/2015 18:50
804,44,36,71,0,0,0,5/29/2015 18:52
805,204,36,67,0,0,0,5/29/2015 18:52
806,19,36,18,0,0,0,5/29/2015 18:53
807,42,36,69,0,0,0,5/29/2015 18:53
808,34,36,23,0,0,0,5/29/2015 18:53
809,36,36,66,0,0,0,5/29/2015 18:53
810,46,36,77,0,0,0,5/29/2015 18:53
811,23,36,12,0,0,0,5/29/2015 18:54
812,11,36,6,0,0,0,5/29/2015 18:54
813,14,36,1,0,0,0,5/29/2015 18:55
814,50,36,92,0,0,0,5/29/2015 18:56
815,240,36,78,0,0,0,5/29/2015 18:59
816,241,36,80,0,0,0,5/29/2015 18:59
817,242,36,108,0,0,0,5/29/2015 19:50
818,41,37,68,0,0,0,6/6/2015 11:55
819,85,37,48,0,0,0,6/6/2015 11:56
820,49,37,92,0,0,0,6/6/2015 11:56
821,99,37,78,0,0,0,6/6/2015 11:56
822,3,37,1,0,0,0,6/6/2015 11:58
823,105,37,70,0,0,0,6/6/2015 11:58
824,28,37,19,0,0,0,6/6/2015 11:59
825,39,37,65,0,0,0,6/6/2015 11:59
826,104,37,72,0,0,0,6/6/2015 11:59
827,107,37,64,0,0,0,6/6/2015 12:01
828,90,37,53,0,0,0,6/6/2015 12:03
829,129,37,47,0,0,0,6/6/2015 12:03
830,82,37,44,0,0,0,6/6/2015 12:03
831,47,37,77,0,0,0,6/6/2015 12:03
832,110,37,61,0,0,0,6/6/2015 12:04
833,55,35,87,0,0,0,6/9/2015 22:02
834,52,35,85,0,0,0,6/9/2015 22:02
835,32,35,22,0,0,0,6/9/2015 22:03
836,15,35,13,0,0,0,6/9/2015 22:03
837,56,35,88,0,0,0,6/9/2015 22:04
838,58,35,90,0,0,0,6/9/2015 22:05
839,231,35,102,0,0,0,6/9/2015 22:05
840,102,38,74,0,0,0,6/11/2015 11:03
841,139,38,96,0,0,0,6/11/2015 11:03
842,136,38,69,0,0,0,6/11/2015 11:03
843,108,38,63,0,0,0,6/11/2015 11:04
844,130,38,70,0,0,0,6/11/2015 11:04
845,7,38,4,0,0,0,6/11/2015 11:04
846,132,38,42,0,0,0,6/11/2015 11:05
847,47,34,77,0,0,0,6/11/2015 11:14
848,104,34,72,0,0,0,6/11/2015 11:14
849,39,34,65,0,0,0,6/11/2015 11:14
850,78,34,40,0,0,0,6/11/2015 11:15
851,20,34,18,0,0,0,6/11/2015 11:15
852,41,34,68,0,0,0,6/11/2015 11:15
853,3,34,1,0,0,0,6/11/2015 11:15
854,12,34,6,0,0,0,6/11/2015 11:16
855,107,34,64,0,0,0,6/11/2015 11:16
856,37,34,66,0,0,0,6/11/2015 11:17
857,28,34,19,0,0,0,6/11/2015 11:17
858,102,34,74,0,0,0,6/11/2015 11:18
859,75,34,37,0,0,0,6/11/2015 11:18
860,97,34,59,0,0,0,6/12/2015 20:18
861,13,34,8,0,0,0,6/12/2015 20:18
867,89,34,52,0,0,0,6/12/2015 20:22
863,106,34,67,0,0,0,6/12/2015 20:19
864,100,34,76,0,0,0,6/12/2015 20:19
865,110,34,61,0,0,0,6/12/2015 20:19
866,85,34,48,0,0,0,6/12/2015 20:19
868,49,34,92,0,0,0,6/12/2015 20:25
869,53,35,86,0,0,0,6/13/2015 15:38
870,60,35,82,0,0,0,6/13/2015 15:38
871,174,38,51,0,0,0,6/13/2015 20:01
872,137,38,60,0,0,0,6/13/2015 20:01
873,41,38,68,0,0,0,6/13/2015 20:02
874,140,38,97,0,0,0,6/13/2015 20:02
875,229,38,101,0,0,0,6/13/2015 20:02
876,74,34,36,0,0,0,6/19/2015 14:24
877,90,34,53,0,0,0,6/19/2015 14:25
878,63,34,24,0,0,0,6/19/2015 14:25
879,99,34,78,0,0,0,6/19/2015 14:25
880,84,34,94,0,0,0,6/19/2015 14:26
881,129,34,47,0,0,0,6/19/2015 14:26
882,6,34,5,0,0,0,6/19/2015 14:26
883,82,34,44,0,0,0,6/19/2015 14:27
884,172,38,3,0,0,0,6/19/2015 14:38
885,117,38,43,0,0,0,6/19/2015 14:38
886,134,38,32,0,0,0,6/19/2015 14:39
887,238,38,107,0,0,0,6/19/2015 14:39
888,170,38,24,0,0,0,6/19/2015 14:39
889,102,37,74,0,0,0,6/20/2015 0:41
890,141,37,96,0,0,0,6/20/2015 0:41
891,43,37,69,0,0,0,6/20/2015 0:42
892,108,37,63,0,0,0,6/20/2015 0:42
893,106,37,67,0,0,0,6/20/2015 0:43
894,108,34,63,0,0,0,6/29/2015 10:39
895,74,37,36,0,0,0,7/2/2015 17:06
896,20,37,18,0,0,0,7/2/2015 17:07
897,89,37,52,0,0,0,7/2/2015 17:07
898,12,37,6,0,0,0,7/2/2015 17:08
899,75,37,37,0,0,0,7/2/2015 17:32
900,97,37,59,0,0,0,7/2/2015 17:32
901,37,37,66,0,0,0,7/2/2015 17:35
902,63,33,24,0,0,0,7/16/2015 16:49
903,84,33,94,0,0,0,7/16/2015 16:50
904,6,33,5,0,0,0,7/16/2015 16:50
905,74,33,36,0,0,0,7/16/2015 16:59
906,230,38,7,0,0,0,7/17/2015 7:54
907,219,38,61,0,0,0,7/17/2015 8:09
908,69,38,31,0,0,0,7/17/2015 8:09
909,173,38,50,0,0,0,7/17/2015 8:11
910,206,38,77,0,0,0,7/17/2015 8:11
911,24,39,12,0,0,0,7/17/2015 20:42
912,60,39,82,0,0,0,7/17/2015 20:42
913,26,39,11,0,0,0,7/17/2015 20:43
914,62,39,84,0,0,0,7/17/2015 20:43
915,59,39,81,0,0,0,7/17/2015 20:43
916,25,39,10,0,0,0,7/17/2015 20:43
917,61,39,83,0,0,0,7/17/2015 20:44
919,217,38,100,0,0,0,7/23/2015 13:53
920,131,38,49,0,0,0,7/23/2015 13:53
921,234,38,104,0,0,0,7/23/2015 13:53
922,118,38,29,0,0,0,7/23/2015 13:54
923,133,38,34,0,0,0,7/23/2015 13:54
924,24,37,12,0,0,0,7/30/2015 17:48
925,60,37,82,0,0,0,7/30/2015 17:48
926,59,37,81,0,0,0,7/30/2015 17:48
927,26,37,11,0,0,0,7/30/2015 17:49
928,62,37,84,0,0,0,7/30/2015 17:49
929,52,37,85,0,0,0,7/30/2015 17:52
930,78,37,40,0,0,0,7/30/2015 17:53
931,55,37,87,0,0,0,7/30/2015 17:53
932,84,37,94,0,0,0,7/30/2015 18:03
933,6,37,5,0,0,0,7/30/2015 18:04
934,53,37,86,0,0,0,7/30/2015 18:06
935,15,37,13,0,0,0,7/30/2015 18:07
936,13,37,8,0,0,0,7/30/2015 18:07
937,63,37,24,0,0,0,7/30/2015 18:07
938,100,37,76,0,0,0,7/30/2015 18:08
939,235,38,98,0,0,0,8/8/2015 1:15
940,138,38,53,0,0,0,8/8/2015 1:15
941,91,33,54,0,0,0,8/8/2015 16:21
942,55,39,87,0,0,0,8/9/2015 16:06
943,75,39,37,0,0,0,8/9/2015 16:06
944,89,39,52,0,0,0,8/9/2015 16:06
945,41,39,68,0,0,0,8/9/2015 16:07
946,82,39,44,0,0,0,8/9/2015 16:07
947,28,39,19,0,0,0,8/9/2015 16:08
948,91,37,54,0,0,0,8/15/2015 12:39
949,78,38,40,0,0,0,8/19/2015 17:12
950,95,38,58,0,0,0,8/19/2015 17:12
951,64,38,25,0,0,0,8/19/2015 17:12
952,215,38,93,0,0,0,8/19/2015 17:13
953,178,38,48,0,0,0,8/19/2015 17:13
954,218,38,55,0,0,0,8/19/2015 17:14
955,213,38,94,0,0,0,8/19/2015 17:14
956,243,38,109,0,0,0,8/19/2015 17:17
957,105,34,70,0,0,0,8/25/2015 18:52
958,137,37,60,0,0,0,8/29/2015 3:50
959,230,37,7,0,0,0,8/29/2015 3:50
960,26,35,11,0,0,0,8/30/2015 13:48
961,228,38,37,0,0,0,9/3/2015 10:07
962,41,41,68,0,0,0,5/22/2016 15:16
1100,139,44,96,0,0,0,7/21/2016 21:22
965,33,41,23,0,0,0,5/22/2016 15:17
966,3,41,1,0,0,0,5/22/2016 15:17
968,49,41,92,0,0,0,5/22/2016 15:18
969,39,41,65,0,0,0,5/22/2016 15:18
970,107,41,64,0,0,0,5/22/2016 15:18
972,12,41,6,0,0,0,5/22/2016 15:19
973,20,41,18,0,0,0,5/22/2016 15:19
974,102,41,74,0,0,0,5/22/2016 15:20
975,110,41,61,0,0,0,5/22/2016 15:20
977,47,41,77,0,0,0,5/22/2016 15:20
982,7,44,4,0,0,0,5/28/2016 19:57
985,52,42,85,0,0,0,6/3/2016 23:57
986,55,42,87,0,0,0,6/3/2016 23:58
987,53,42,86,0,0,0,6/3/2016 23:58
988,231,42,102,0,0,0,6/3/2016 23:58
989,17,42,15,0,0,0,6/3/2016 23:58
990,58,42,90,0,0,0,6/3/2016 23:59
991,15,42,13,0,0,0,6/3/2016 23:59
992,56,42,88,0,0,0,6/3/2016 23:59
993,32,42,22,0,0,0,6/4/2016 0:00
994,104,41,72,0,0,0,6/4/2016 15:53
1013,108,41,63,0,0,0,6/12/2016 21:27
997,28,40,19,0,0,0,6/9/2016 14:11
998,6,40,5,0,0,0,6/9/2016 14:11
999,75,40,37,0,0,0,6/9/2016 14:11
1002,89,40,52,0,0,0,6/9/2016 14:12
1003,85,40,48,0,0,0,6/9/2016 14:12
1004,97,40,59,0,0,0,6/9/2016 14:12
1005,82,40,44,0,0,0,6/9/2016 14:13
1006,91,40,54,0,0,0,6/9/2016 14:13
1007,233,38,54,0,0,0,6/9/2016 14:21
1008,244,38,110,0,0,0,6/9/2016 14:23
1009,236,38,2,0,0,0,6/9/2016 14:24
1010,226,38,35,0,0,0,6/9/2016 14:25
1012,90,40,53,0,0,0,6/11/2016 16:29
1014,100,41,76,0,0,0,6/12/2016 21:27
1016,108,45,63,0,0,0,6/17/2016 19:26
1017,139,45,96,0,0,0,6/17/2016 19:27
1018,47,45,77,0,0,0,6/17/2016 19:28
1019,106,45,67,0,0,0,6/17/2016 19:29
1020,33,45,23,0,0,0,6/17/2016 19:30
1021,245,45,111,0,0,0,6/17/2016 19:37
1022,102,45,74,0,0,0,6/17/2016 22:47
1024,12,42,6,0,0,0,6/18/2016 10:15
1025,59,42,81,0,0,0,6/18/2016 10:17
1026,60,42,82,0,0,0,6/18/2016 10:18
1027,11,46,6,0,0,0,6/20/2016 2:15
1028,14,46,1,0,0,0,6/20/2016 2:15
1029,35,46,91,0,0,0,6/20/2016 2:15
1030,44,46,71,0,0,0,6/20/2016 2:16
1031,23,46,12,0,0,0,0000-00-00 00:00:00
1032,42,46,69,0,0,0,6/20/2016 2:16
1033,19,46,18,0,0,0,6/20/2016 2:17
1034,34,46,23,0,0,0,6/20/2016 2:17
1035,50,46,92,0,0,0,6/20/2016 2:17
1036,40,46,68,0,0,0,6/20/2016 2:17
1037,46,46,77,0,0,0,6/20/2016 2:18
1038,36,46,66,0,0,0,6/20/2016 2:18
1039,242,46,108,0,0,0,6/20/2016 2:18
1040,31,46,21,0,0,0,6/20/2016 2:18
1041,204,46,67,0,0,0,6/20/2016 2:18
1042,60,43,82,0,0,0,6/25/2016 12:46
1043,59,43,81,0,0,0,6/25/2016 12:46
1044,26,43,11,0,0,0,6/25/2016 12:46
1045,24,43,12,0,0,0,6/25/2016 12:47
1046,61,43,83,0,0,0,6/25/2016 12:47
1047,25,43,10,0,0,0,6/25/2016 12:47
1048,62,43,84,0,0,0,6/25/2016 17:08
1050,3,45,1,0,0,0,0000-00-00 00:00:00
1051,49,45,92,0,0,0,6/30/2016 15:11
1052,20,45,18,0,0,0,6/30/2016 15:11
1053,104,45,72,0,0,0,6/30/2016 15:11
1054,97,45,59,0,0,0,6/30/2016 15:11
1055,12,45,6,0,0,0,6/30/2016 15:12
1056,89,45,52,0,0,0,6/30/2016 15:12
1057,37,45,66,0,0,0,6/30/2016 15:12
1058,110,45,61,0,0,0,6/30/2016 15:13
1059,129,45,47,0,0,0,6/30/2016 15:13
1060,85,45,48,0,0,0,6/30/2016 15:13
1061,41,45,68,0,0,0,6/30/2016 15:14
1062,6,45,5,0,0,0,6/30/2016 15:14
1064,13,41,8,0,0,0,6/30/2016 15:21
1074,137,44,60,0,0,0,7/9/2016 14:33
1066,129,40,47,0,0,0,7/3/2016 16:32
1067,84,40,94,0,0,0,7/3/2016 16:33
1068,86,40,49,0,0,0,7/3/2016 16:34
1069,173,44,50,0,0,0,7/3/2016 16:36
1071,218,44,55,0,0,0,7/3/2016 16:36
1072,229,44,101,0,0,0,7/3/2016 16:36
1073,69,44,31,0,0,0,7/3/2016 16:37
1081,230,44,7,0,0,0,7/9/2016 14:36
1083,85,41,48,0,0,0,7/14/2016 15:20
1084,106,41,67,0,0,0,7/14/2016 15:20
1085,89,41,52,0,0,0,7/14/2016 15:20
1086,90,41,53,0,0,0,7/14/2016 15:21
1087,75,41,37,0,0,0,7/14/2016 15:24
1088,37,41,66,0,0,0,7/14/2016 15:25
1089,82,41,44,0,0,0,7/14/2016 15:26
1090,129,41,47,0,0,0,7/14/2016 15:27
1091,97,41,59,0,0,0,7/14/2016 15:29
1092,84,41,46,0,0,0,7/14/2016 15:31
1093,78,41,40,0,0,0,7/14/2016 15:32
1094,246,41,112,0,0,0,7/14/2016 15:33
1095,41,44,68,0,0,0,7/19/2016 0:31
1097,78,40,40,0,0,0,7/20/2016 13:17
1098,246,40,112,0,0,0,7/20/2016 13:34
1101,91,41,54,0,0,0,7/30/2016 18:45
1102,235,44,98,0,0,0,8/4/2016 17:19
1103,174,44,51,0,0,0,8/4/2016 17:19
1104,170,44,24,0,0,0,8/4/2016 17:19
1105,217,44,100,0,0,0,8/4/2016 17:20
1106,172,44,3,0,0,0,8/4/2016 17:20
1107,130,44,70,0,0,0,8/4/2016 17:20
1108,140,44,97,0,0,0,8/4/2016 17:21
1109,134,44,32,0,0,0,8/4/2016 17:21
1116,107,40,64,0,0,0,8/9/2016 17:10
1117,63,40,24,0,0,0,8/9/2016 17:10
1118,106,40,67,0,0,0,8/13/2016 15:21
1119,20,40,18,0,0,0,8/13/2016 15:21
1120,12,40,6,0,0,0,8/13/2016 15:22
